model,w_mom_12_2,w_mom_1m,w_rev_1d,w_vol_60,w_log_dollar_vol_60,w_Mkt-RF,w_SMB,w_HML,w_RMW,w_CMA,w_Mom,bias
IPO_linear,0.0026963094715029,-0.003253435716032982,-0.0016284267185255885,-0.0017929734895005822,0.0005010594613850117,-0.10994590073823929,-0.07111267000436783,0.1635461002588272,-0.07690506428480148,0.1108061820268631,0.18718844652175903,-0.5009380578994751
IPO_ridge,0.0034084056969732046,0.0040399786084890366,-0.0004631126648746431,-0.001348224002867937,-0.0025775644462555647,1.866842467279639e-07,-2.3332592036240385e-07,-4.2278270484530367e-07,-9.731179488881025e-07,1.379389118483232e-07,-8.591404707658512e-07,6.158057658467442e-06
OLS_linear,0.00047829674440436065,-0.0004428726388141513,-0.0004214924992993474,0.005420278757810593,-0.004682891070842743,-0.197587788105011,-0.18474435806274414,-1.5983529090881348,-0.0682937353849411,3.214036464691162,-0.25744614005088806,0.014145273715257645
OLS_ridge,0.00044778361916542053,-0.0003785350127145648,-0.0003995338920503855,0.005057720001786947,-0.00436946377158165,-0.0012554386630654335,1.3963718629383948e-05,-0.0007000844925642014,0.00012352717749308795,0.00031396912527270615,0.0004059024213347584,0.012768414802849293
